{
    "$schema": "https://schema.management.azure.com/schemas/2015-01-01/deploymentParameters.json#",
    "contentVersion": "1.0.0.0",
    "parameters": {
        "location": {
            "value": "eastus"
        },
        "extendedLocation": {
            "value": {}
        },
        "virtualNetworkName": {
            "value": "VNET2"
        },
        "addressSpaces": {
            "value": [
                "172.17.0.0/20"
            ]
        },
        "ipv6Enabled": {
            "value": false
        },
        "subnetCount": {
            "value": 2
        },
        "subnet0_name": {
            "value": "sub1"
        },
        "subnet0_addressRange": {
            "value": "172.17.1.0/24"
        },
        "subnet1_name": {
            "value": "sub2"
        },
        "subnet1_addressRange": {
            "value": "172.17.2.0/24"
        },
        "ddosProtectionPlanEnabled": {
            "value": false
        },
        "firewallEnabled": {
            "value": false
        },
        "bastionEnabled": {
            "value": false
        }
    }
}