{
    "$schema": "http://schema.management.azure.com/schemas/2015-01-01/deploymentTemplate.json#",
    "contentVersion": "1.0.0.0",
    "parameters": {
        "location": {
            "type": "String"
        },
        "extendedLocation": {
            "type": "Object"
        },
        "virtualNetworkName": {
            "type": "String"
        },
        "addressSpaces": {
            "type": "Array"
        },
        "ipv6Enabled": {
            "type": "Bool"
        },
        "subnetCount": {
            "type": "Int"
        },
        "subnet0_name": {
            "type": "String"
        },
        "subnet0_addressRange": {
            "type": "String"
        },
        "subnet1_name": {
            "type": "String"
        },
        "subnet1_addressRange": {
            "type": "String"
        },
        "ddosProtectionPlanEnabled": {
            "type": "Bool"
        },
        "firewallEnabled": {
            "type": "Bool"
        },
        "bastionEnabled": {
            "type": "Bool"
        }
    },
    "variables": {},
    "resources": [
        {
            "type": "Microsoft.Network/VirtualNetworks",
            "apiVersion": "2021-01-01",
            "name": "[parameters('virtualNetworkName')]",
            "location": "[parameters('location')]",
            "extendedLocation": "[if(empty(parameters('extendedLocation')), json('null'), parameters('extendedLocation'))]",
            "dependsOn": [],
            "tags": {
                "mg": "test"
            },
            "properties": {
                "addressSpace": {
                    "addressPrefixes": [
                        "172.17.0.0/20"
                    ]
                },
                "subnets": [
                    {
                        "name": "sub1",
                        "properties": {
                            "addressPrefix": "172.17.1.0/24"
                        }
                    },
                    {
                        "name": "sub2",
                        "properties": {
                            "addressPrefix": "172.17.2.0/24"
                        }
                    }
                ],
                "enableDdosProtection": "[parameters('ddosProtectionPlanEnabled')]"
            }
        }
    ]
}